<?xml version="1.0" encoding="UTF-8"?>
<project-private xmlns="http://www.netbeans.org/ns/project-private/1">
    <editor-bookmarks xmlns="http://www.netbeans.org/ns/editor-bookmarks/2" lastBookmarkId="0"/>
    <open-files xmlns="http://www.netbeans.org/ns/projectui-open-files/2">
        <group>
            <file>file:/C:/Users/B09S115est/Desktop/tienda-pedro-cliente-class-main-con-diseno/tienda-pedro-cliente-class-main/Tienda_Pedro_clsCliente/src/FrontEnd/FrmCliente.java</file>
            <file>file:/C:/Users/B09S115est/Desktop/tienda-pedro-cliente-class-main-con-diseno/tienda-pedro-cliente-class-main/Tienda_Pedro_clsCliente/src/Connection/clsConnectionDB.java</file>
        </group>
    </open-files>
</project-private>
